url,sku,notitie
https://www.verf-plaza.nl/alabastine-kit-en-stickerverwijderaar/,,
https://www.verf-plaza.nl/alabastine-kneedbaar-hout/,,
https://www.verf-plaza.nl/alabastine-spackspray/,,
https://www.verf-plaza.nl/alabastine-houtrot-reparatieplaatjes/,,
https://www.verf-plaza.nl/alabastine-allesvuller/,,
https://www.verf-plaza.nl/alabastine-spackvuller/,,
https://www.verf-plaza.nl/alabastine-houtrot-reparatieset/,,
https://www.verf-plaza.nl/alabastine-houtplamuur-universeel/,,
https://www.verf-plaza.nl/alabastine-snelplamuur/,,
https://www.verf-plaza.nl/alabastine-muurvuller/,,
https://www.verf-plaza.nl/alabastine-voorstrijk-sneldrogend/,,
https://www.verf-plaza.nl/alabastine-houtreparatie/,,
https://www.verf-plaza.nl/alabastine-houtrotimpregneer/,,
https://www.verf-plaza.nl/alabastine-houtrotvuller/,,
https://www.verf-plaza.nl/alabastine-houtvuller/,,
https://www.verf-plaza.nl/flexa-mooi-makkelijk-radiatoren/,,
https://www.verf-plaza.nl/flexa-strak-in-de-lak-buitenlak-hoogglans/,,
https://www.verf-plaza.nl/flexa-strak-in-de-lak-buitenlak-zijdeglans/,,
